{
	"partitions" : [
		{
			"name" : "Top",
			"pins" : [
				{
					"name" : "HEX0[0]",
					"strict" : false
				},
				{
					"name" : "HEX0[1]",
					"strict" : false
				},
				{
					"name" : "HEX0[2]",
					"strict" : false
				},
				{
					"name" : "HEX0[3]",
					"strict" : false
				},
				{
					"name" : "HEX0[4]",
					"strict" : false
				},
				{
					"name" : "HEX0[5]",
					"strict" : false
				},
				{
					"name" : "HEX0[6]",
					"strict" : false
				},
				{
					"name" : "HEX1[0]",
					"strict" : false
				},
				{
					"name" : "HEX1[1]",
					"strict" : false
				},
				{
					"name" : "HEX1[2]",
					"strict" : false
				},
				{
					"name" : "HEX1[3]",
					"strict" : false
				},
				{
					"name" : "HEX1[4]",
					"strict" : false
				},
				{
					"name" : "HEX1[5]",
					"strict" : false
				},
				{
					"name" : "HEX1[6]",
					"strict" : false
				},
				{
					"name" : "HEX2[0]",
					"strict" : false
				},
				{
					"name" : "HEX2[1]",
					"strict" : false
				},
				{
					"name" : "HEX2[2]",
					"strict" : false
				},
				{
					"name" : "HEX2[3]",
					"strict" : false
				},
				{
					"name" : "HEX2[4]",
					"strict" : false
				},
				{
					"name" : "HEX2[5]",
					"strict" : false
				},
				{
					"name" : "HEX2[6]",
					"strict" : false
				},
				{
					"name" : "HEX3[0]",
					"strict" : false
				},
				{
					"name" : "HEX3[1]",
					"strict" : false
				},
				{
					"name" : "HEX3[2]",
					"strict" : false
				},
				{
					"name" : "HEX3[3]",
					"strict" : false
				},
				{
					"name" : "HEX3[4]",
					"strict" : false
				},
				{
					"name" : "HEX3[5]",
					"strict" : false
				},
				{
					"name" : "HEX3[6]",
					"strict" : false
				},
				{
					"name" : "HEX4[0]",
					"strict" : false
				},
				{
					"name" : "HEX4[1]",
					"strict" : false
				},
				{
					"name" : "HEX4[2]",
					"strict" : false
				},
				{
					"name" : "HEX4[3]",
					"strict" : false
				},
				{
					"name" : "HEX4[4]",
					"strict" : false
				},
				{
					"name" : "HEX4[5]",
					"strict" : false
				},
				{
					"name" : "HEX4[6]",
					"strict" : false
				},
				{
					"name" : "HEX5[0]",
					"strict" : false
				},
				{
					"name" : "HEX5[1]",
					"strict" : false
				},
				{
					"name" : "HEX5[2]",
					"strict" : false
				},
				{
					"name" : "HEX5[3]",
					"strict" : false
				},
				{
					"name" : "HEX5[4]",
					"strict" : false
				},
				{
					"name" : "HEX5[5]",
					"strict" : false
				},
				{
					"name" : "HEX5[6]",
					"strict" : false
				},
				{
					"name" : "HEX6[0]",
					"strict" : false
				},
				{
					"name" : "HEX6[1]",
					"strict" : false
				},
				{
					"name" : "HEX6[2]",
					"strict" : false
				},
				{
					"name" : "HEX6[3]",
					"strict" : false
				},
				{
					"name" : "HEX6[4]",
					"strict" : false
				},
				{
					"name" : "HEX6[5]",
					"strict" : false
				},
				{
					"name" : "HEX6[6]",
					"strict" : false
				},
				{
					"name" : "HEX7[0]",
					"strict" : false
				},
				{
					"name" : "HEX7[1]",
					"strict" : false
				},
				{
					"name" : "HEX7[2]",
					"strict" : false
				},
				{
					"name" : "HEX7[3]",
					"strict" : false
				},
				{
					"name" : "HEX7[4]",
					"strict" : false
				},
				{
					"name" : "HEX7[5]",
					"strict" : false
				},
				{
					"name" : "HEX7[6]",
					"strict" : false
				},
				{
					"name" : "VGA_R[0]",
					"strict" : false
				},
				{
					"name" : "VGA_R[1]",
					"strict" : false
				},
				{
					"name" : "VGA_R[2]",
					"strict" : false
				},
				{
					"name" : "VGA_R[3]",
					"strict" : false
				},
				{
					"name" : "VGA_R[4]",
					"strict" : false
				},
				{
					"name" : "VGA_R[5]",
					"strict" : false
				},
				{
					"name" : "VGA_R[6]",
					"strict" : false
				},
				{
					"name" : "VGA_R[7]",
					"strict" : false
				},
				{
					"name" : "VGA_G[0]",
					"strict" : false
				},
				{
					"name" : "VGA_G[1]",
					"strict" : false
				},
				{
					"name" : "VGA_G[2]",
					"strict" : false
				},
				{
					"name" : "VGA_G[3]",
					"strict" : false
				},
				{
					"name" : "VGA_G[4]",
					"strict" : false
				},
				{
					"name" : "VGA_G[5]",
					"strict" : false
				},
				{
					"name" : "VGA_G[6]",
					"strict" : false
				},
				{
					"name" : "VGA_G[7]",
					"strict" : false
				},
				{
					"name" : "VGA_B[0]",
					"strict" : false
				},
				{
					"name" : "VGA_B[1]",
					"strict" : false
				},
				{
					"name" : "VGA_B[2]",
					"strict" : false
				},
				{
					"name" : "VGA_B[3]",
					"strict" : false
				},
				{
					"name" : "VGA_B[4]",
					"strict" : false
				},
				{
					"name" : "VGA_B[5]",
					"strict" : false
				},
				{
					"name" : "VGA_B[6]",
					"strict" : false
				},
				{
					"name" : "VGA_B[7]",
					"strict" : false
				},
				{
					"name" : "VGA_BLANK_N",
					"strict" : false
				},
				{
					"name" : "VGA_VS",
					"strict" : false
				},
				{
					"name" : "VGA_HS",
					"strict" : false
				},
				{
					"name" : "OTG_ADDR[0]",
					"strict" : false
				},
				{
					"name" : "OTG_ADDR[1]",
					"strict" : false
				},
				{
					"name" : "OTG_CS_N",
					"strict" : false
				},
				{
					"name" : "OTG_RD_N",
					"strict" : false
				},
				{
					"name" : "OTG_WR_N",
					"strict" : false
				},
				{
					"name" : "OTG_RST_N",
					"strict" : false
				},
				{
					"name" : "DRAM_ADDR[0]",
					"strict" : false
				},
				{
					"name" : "DRAM_ADDR[1]",
					"strict" : false
				},
				{
					"name" : "DRAM_ADDR[2]",
					"strict" : false
				},
				{
					"name" : "DRAM_ADDR[3]",
					"strict" : false
				},
				{
					"name" : "DRAM_ADDR[4]",
					"strict" : false
				},
				{
					"name" : "DRAM_ADDR[5]",
					"strict" : false
				},
				{
					"name" : "DRAM_ADDR[6]",
					"strict" : false
				},
				{
					"name" : "DRAM_ADDR[7]",
					"strict" : false
				},
				{
					"name" : "DRAM_ADDR[8]",
					"strict" : false
				},
				{
					"name" : "DRAM_ADDR[9]",
					"strict" : false
				},
				{
					"name" : "DRAM_ADDR[10]",
					"strict" : false
				},
				{
					"name" : "DRAM_ADDR[11]",
					"strict" : false
				},
				{
					"name" : "DRAM_ADDR[12]",
					"strict" : false
				},
				{
					"name" : "DRAM_BA[0]",
					"strict" : false
				},
				{
					"name" : "DRAM_BA[1]",
					"strict" : false
				},
				{
					"name" : "DRAM_DQM[0]",
					"strict" : false
				},
				{
					"name" : "DRAM_DQM[1]",
					"strict" : false
				},
				{
					"name" : "DRAM_DQM[2]",
					"strict" : false
				},
				{
					"name" : "DRAM_DQM[3]",
					"strict" : false
				},
				{
					"name" : "DRAM_RAS_N",
					"strict" : false
				},
				{
					"name" : "DRAM_CAS_N",
					"strict" : false
				},
				{
					"name" : "DRAM_WE_N",
					"strict" : false
				},
				{
					"name" : "DRAM_CS_N",
					"strict" : false
				},
				{
					"name" : "FL_ADDR[0]",
					"strict" : false
				},
				{
					"name" : "FL_ADDR[1]",
					"strict" : false
				},
				{
					"name" : "FL_ADDR[2]",
					"strict" : false
				},
				{
					"name" : "FL_ADDR[3]",
					"strict" : false
				},
				{
					"name" : "FL_ADDR[4]",
					"strict" : false
				},
				{
					"name" : "FL_ADDR[5]",
					"strict" : false
				},
				{
					"name" : "FL_ADDR[6]",
					"strict" : false
				},
				{
					"name" : "FL_ADDR[7]",
					"strict" : false
				},
				{
					"name" : "FL_ADDR[8]",
					"strict" : false
				},
				{
					"name" : "FL_ADDR[9]",
					"strict" : false
				},
				{
					"name" : "FL_ADDR[10]",
					"strict" : false
				},
				{
					"name" : "FL_ADDR[11]",
					"strict" : false
				},
				{
					"name" : "FL_ADDR[12]",
					"strict" : false
				},
				{
					"name" : "FL_ADDR[13]",
					"strict" : false
				},
				{
					"name" : "FL_ADDR[14]",
					"strict" : false
				},
				{
					"name" : "FL_ADDR[15]",
					"strict" : false
				},
				{
					"name" : "FL_ADDR[16]",
					"strict" : false
				},
				{
					"name" : "FL_ADDR[17]",
					"strict" : false
				},
				{
					"name" : "FL_ADDR[18]",
					"strict" : false
				},
				{
					"name" : "FL_ADDR[19]",
					"strict" : false
				},
				{
					"name" : "FL_ADDR[20]",
					"strict" : false
				},
				{
					"name" : "FL_ADDR[21]",
					"strict" : false
				},
				{
					"name" : "FL_ADDR[22]",
					"strict" : false
				},
				{
					"name" : "AUD_DACDAT",
					"strict" : false
				},
				{
					"name" : "AUD_XCK",
					"strict" : false
				},
				{
					"name" : "I2C_SCLK",
					"strict" : false
				},
				{
					"name" : "OTG_DATA[0]",
					"strict" : false
				},
				{
					"name" : "OTG_DATA[1]",
					"strict" : false
				},
				{
					"name" : "OTG_DATA[2]",
					"strict" : false
				},
				{
					"name" : "OTG_DATA[3]",
					"strict" : false
				},
				{
					"name" : "OTG_DATA[4]",
					"strict" : false
				},
				{
					"name" : "OTG_DATA[5]",
					"strict" : false
				},
				{
					"name" : "OTG_DATA[6]",
					"strict" : false
				},
				{
					"name" : "OTG_DATA[7]",
					"strict" : false
				},
				{
					"name" : "OTG_DATA[8]",
					"strict" : false
				},
				{
					"name" : "OTG_DATA[9]",
					"strict" : false
				},
				{
					"name" : "OTG_DATA[10]",
					"strict" : false
				},
				{
					"name" : "OTG_DATA[11]",
					"strict" : false
				},
				{
					"name" : "OTG_DATA[12]",
					"strict" : false
				},
				{
					"name" : "OTG_DATA[13]",
					"strict" : false
				},
				{
					"name" : "OTG_DATA[14]",
					"strict" : false
				},
				{
					"name" : "OTG_DATA[15]",
					"strict" : false
				},
				{
					"name" : "DRAM_DQ[0]",
					"strict" : false
				},
				{
					"name" : "DRAM_DQ[1]",
					"strict" : false
				},
				{
					"name" : "DRAM_DQ[2]",
					"strict" : false
				},
				{
					"name" : "DRAM_DQ[3]",
					"strict" : false
				},
				{
					"name" : "DRAM_DQ[4]",
					"strict" : false
				},
				{
					"name" : "DRAM_DQ[5]",
					"strict" : false
				},
				{
					"name" : "DRAM_DQ[6]",
					"strict" : false
				},
				{
					"name" : "DRAM_DQ[7]",
					"strict" : false
				},
				{
					"name" : "DRAM_DQ[8]",
					"strict" : false
				},
				{
					"name" : "DRAM_DQ[9]",
					"strict" : false
				},
				{
					"name" : "DRAM_DQ[10]",
					"strict" : false
				},
				{
					"name" : "DRAM_DQ[11]",
					"strict" : false
				},
				{
					"name" : "DRAM_DQ[12]",
					"strict" : false
				},
				{
					"name" : "DRAM_DQ[13]",
					"strict" : false
				},
				{
					"name" : "DRAM_DQ[14]",
					"strict" : false
				},
				{
					"name" : "DRAM_DQ[15]",
					"strict" : false
				},
				{
					"name" : "DRAM_DQ[16]",
					"strict" : false
				},
				{
					"name" : "DRAM_DQ[17]",
					"strict" : false
				},
				{
					"name" : "DRAM_DQ[18]",
					"strict" : false
				},
				{
					"name" : "DRAM_DQ[19]",
					"strict" : false
				},
				{
					"name" : "DRAM_DQ[20]",
					"strict" : false
				},
				{
					"name" : "DRAM_DQ[21]",
					"strict" : false
				},
				{
					"name" : "DRAM_DQ[22]",
					"strict" : false
				},
				{
					"name" : "DRAM_DQ[23]",
					"strict" : false
				},
				{
					"name" : "DRAM_DQ[24]",
					"strict" : false
				},
				{
					"name" : "DRAM_DQ[25]",
					"strict" : false
				},
				{
					"name" : "DRAM_DQ[26]",
					"strict" : false
				},
				{
					"name" : "DRAM_DQ[27]",
					"strict" : false
				},
				{
					"name" : "DRAM_DQ[28]",
					"strict" : false
				},
				{
					"name" : "DRAM_DQ[29]",
					"strict" : false
				},
				{
					"name" : "DRAM_DQ[30]",
					"strict" : false
				},
				{
					"name" : "DRAM_DQ[31]",
					"strict" : false
				},
				{
					"name" : "AUD_BCLK",
					"strict" : false
				},
				{
					"name" : "AUD_DACLRCK",
					"strict" : false
				},
				{
					"name" : "I2C_SDAT",
					"strict" : false
				},
				{
					"name" : "CLOCK_50",
					"strict" : false
				},
				{
					"name" : "KEY[0]",
					"strict" : false
				},
				{
					"name" : "FL_DQ[0]",
					"strict" : false
				},
				{
					"name" : "FL_DQ[5]",
					"strict" : false
				},
				{
					"name" : "FL_DQ[6]",
					"strict" : false
				},
				{
					"name" : "FL_DQ[7]",
					"strict" : false
				},
				{
					"name" : "FL_DQ[3]",
					"strict" : false
				},
				{
					"name" : "FL_DQ[2]",
					"strict" : false
				},
				{
					"name" : "FL_DQ[1]",
					"strict" : false
				},
				{
					"name" : "FL_DQ[4]",
					"strict" : false
				},
				{
					"name" : "altera_reserved_tms",
					"strict" : false
				},
				{
					"name" : "altera_reserved_tck",
					"strict" : false
				},
				{
					"name" : "altera_reserved_tdi",
					"strict" : false
				},
				{
					"name" : "altera_reserved_tdo",
					"strict" : false
				}
			]
		}
	]
}