# system info lab7_soc on 2021.12.16.04:00:05
system_info:
name,value
DEVICE,EP4CE115F29C7
DEVICE_FAMILY,Cyclone IV E
GENERATION_ID,1639598322
#
#
# Files generated for lab7_soc on 2021.12.16.04:00:05
files:
filepath,kind,attributes,module,is_top
simulation/lab7_soc.v,VERILOG,,lab7_soc,true
simulation/submodules/lab7_soc_jtag_uart_0.v,VERILOG,,lab7_soc_jtag_uart_0,false
simulation/submodules/lab7_soc_keycode_0.v,VERILOG,,lab7_soc_keycode_0,false
simulation/submodules/lab7_soc_nios2_gen2_0.v,VERILOG,,lab7_soc_nios2_gen2_0,false
simulation/submodules/lab7_soc_onchip_memory2_0.hex,HEX,,lab7_soc_onchip_memory2_0,false
simulation/submodules/lab7_soc_onchip_memory2_0.v,VERILOG,,lab7_soc_onchip_memory2_0,false
simulation/submodules/lab7_soc_otg_hpi_address.v,VERILOG,,lab7_soc_otg_hpi_address,false
simulation/submodules/lab7_soc_otg_hpi_cs.v,VERILOG,,lab7_soc_otg_hpi_cs,false
simulation/submodules/lab7_soc_otg_hpi_data.v,VERILOG,,lab7_soc_otg_hpi_data,false
simulation/submodules/lab7_soc_sdram.v,VERILOG,,lab7_soc_sdram,false
simulation/submodules/lab7_soc_sdram_pll.vo,VERILOG,,lab7_soc_sdram_pll,false
simulation/submodules/lab7_soc_sysid_qsys_0.v,VERILOG,,lab7_soc_sysid_qsys_0,false
simulation/submodules/lab7_soc_mm_interconnect_0.v,VERILOG,,lab7_soc_mm_interconnect_0,false
simulation/submodules/lab7_soc_irq_mapper.sv,SYSTEM_VERILOG,,lab7_soc_irq_mapper,false
simulation/submodules/altera_reset_controller.v,VERILOG,,altera_reset_controller,false
simulation/submodules/altera_reset_synchronizer.v,VERILOG,,altera_reset_controller,false
simulation/submodules/altera_reset_controller.sdc,SDC,,altera_reset_controller,false
simulation/submodules/lab7_soc_nios2_gen2_0_cpu.sdc,SDC,,lab7_soc_nios2_gen2_0_cpu,false
simulation/submodules/lab7_soc_nios2_gen2_0_cpu.v,VERILOG,,lab7_soc_nios2_gen2_0_cpu,false
simulation/submodules/lab7_soc_nios2_gen2_0_cpu_debug_slave_sysclk.v,VERILOG,,lab7_soc_nios2_gen2_0_cpu,false
simulation/submodules/lab7_soc_nios2_gen2_0_cpu_debug_slave_tck.v,VERILOG,,lab7_soc_nios2_gen2_0_cpu,false
simulation/submodules/lab7_soc_nios2_gen2_0_cpu_debug_slave_wrapper.v,VERILOG,,lab7_soc_nios2_gen2_0_cpu,false
simulation/submodules/lab7_soc_nios2_gen2_0_cpu_nios2_waves.do,OTHER,,lab7_soc_nios2_gen2_0_cpu,false
simulation/submodules/lab7_soc_nios2_gen2_0_cpu_ociram_default_contents.dat,DAT,,lab7_soc_nios2_gen2_0_cpu,false
simulation/submodules/lab7_soc_nios2_gen2_0_cpu_ociram_default_contents.hex,HEX,,lab7_soc_nios2_gen2_0_cpu,false
simulation/submodules/lab7_soc_nios2_gen2_0_cpu_ociram_default_contents.mif,MIF,,lab7_soc_nios2_gen2_0_cpu,false
simulation/submodules/lab7_soc_nios2_gen2_0_cpu_rf_ram_a.dat,DAT,,lab7_soc_nios2_gen2_0_cpu,false
simulation/submodules/lab7_soc_nios2_gen2_0_cpu_rf_ram_a.hex,HEX,,lab7_soc_nios2_gen2_0_cpu,false
simulation/submodules/lab7_soc_nios2_gen2_0_cpu_rf_ram_a.mif,MIF,,lab7_soc_nios2_gen2_0_cpu,false
simulation/submodules/lab7_soc_nios2_gen2_0_cpu_rf_ram_b.dat,DAT,,lab7_soc_nios2_gen2_0_cpu,false
simulation/submodules/lab7_soc_nios2_gen2_0_cpu_rf_ram_b.hex,HEX,,lab7_soc_nios2_gen2_0_cpu,false
simulation/submodules/lab7_soc_nios2_gen2_0_cpu_rf_ram_b.mif,MIF,,lab7_soc_nios2_gen2_0_cpu,false
simulation/submodules/lab7_soc_nios2_gen2_0_cpu_test_bench.v,VERILOG,,lab7_soc_nios2_gen2_0_cpu,false
simulation/submodules/altera_merlin_master_translator.sv,SYSTEM_VERILOG,,altera_merlin_master_translator,false
simulation/submodules/altera_merlin_slave_translator.sv,SYSTEM_VERILOG,,altera_merlin_slave_translator,false
simulation/submodules/altera_merlin_master_agent.sv,SYSTEM_VERILOG,,altera_merlin_master_agent,false
simulation/submodules/altera_merlin_slave_agent.sv,SYSTEM_VERILOG,,altera_merlin_slave_agent,false
simulation/submodules/altera_merlin_burst_uncompressor.sv,SYSTEM_VERILOG,,altera_merlin_slave_agent,false
simulation/submodules/altera_avalon_sc_fifo.v,VERILOG,,altera_avalon_sc_fifo,false
simulation/submodules/lab7_soc_mm_interconnect_0_router.sv,SYSTEM_VERILOG,,lab7_soc_mm_interconnect_0_router,false
simulation/submodules/lab7_soc_mm_interconnect_0_router_001.sv,SYSTEM_VERILOG,,lab7_soc_mm_interconnect_0_router_001,false
simulation/submodules/lab7_soc_mm_interconnect_0_router_002.sv,SYSTEM_VERILOG,,lab7_soc_mm_interconnect_0_router_002,false
simulation/submodules/lab7_soc_mm_interconnect_0_router_003.sv,SYSTEM_VERILOG,,lab7_soc_mm_interconnect_0_router_003,false
simulation/submodules/lab7_soc_mm_interconnect_0_cmd_demux.sv,SYSTEM_VERILOG,,lab7_soc_mm_interconnect_0_cmd_demux,false
simulation/submodules/lab7_soc_mm_interconnect_0_cmd_demux_001.sv,SYSTEM_VERILOG,,lab7_soc_mm_interconnect_0_cmd_demux_001,false
simulation/submodules/lab7_soc_mm_interconnect_0_cmd_mux.sv,SYSTEM_VERILOG,,lab7_soc_mm_interconnect_0_cmd_mux,false
simulation/submodules/altera_merlin_arbitrator.sv,SYSTEM_VERILOG,,lab7_soc_mm_interconnect_0_cmd_mux,false
simulation/submodules/lab7_soc_mm_interconnect_0_cmd_mux_001.sv,SYSTEM_VERILOG,,lab7_soc_mm_interconnect_0_cmd_mux_001,false
simulation/submodules/altera_merlin_arbitrator.sv,SYSTEM_VERILOG,,lab7_soc_mm_interconnect_0_cmd_mux_001,false
simulation/submodules/lab7_soc_mm_interconnect_0_rsp_demux.sv,SYSTEM_VERILOG,,lab7_soc_mm_interconnect_0_rsp_demux,false
simulation/submodules/lab7_soc_mm_interconnect_0_rsp_demux_001.sv,SYSTEM_VERILOG,,lab7_soc_mm_interconnect_0_rsp_demux_001,false
simulation/submodules/lab7_soc_mm_interconnect_0_rsp_mux.sv,SYSTEM_VERILOG,,lab7_soc_mm_interconnect_0_rsp_mux,false
simulation/submodules/altera_merlin_arbitrator.sv,SYSTEM_VERILOG,,lab7_soc_mm_interconnect_0_rsp_mux,false
simulation/submodules/lab7_soc_mm_interconnect_0_rsp_mux_001.sv,SYSTEM_VERILOG,,lab7_soc_mm_interconnect_0_rsp_mux_001,false
simulation/submodules/altera_merlin_arbitrator.sv,SYSTEM_VERILOG,,lab7_soc_mm_interconnect_0_rsp_mux_001,false
simulation/submodules/altera_avalon_st_handshake_clock_crosser.v,SYSTEM_VERILOG,,altera_avalon_st_handshake_clock_crosser,false
simulation/submodules/altera_avalon_st_clock_crosser.v,SYSTEM_VERILOG,,altera_avalon_st_handshake_clock_crosser,false
simulation/submodules/altera_avalon_st_pipeline_base.v,SYSTEM_VERILOG,,altera_avalon_st_handshake_clock_crosser,false
simulation/submodules/altera_std_synchronizer_nocut.v,SYSTEM_VERILOG,,altera_avalon_st_handshake_clock_crosser,false
simulation/submodules/altera_avalon_st_handshake_clock_crosser.sdc,SDC,,altera_avalon_st_handshake_clock_crosser,false
simulation/submodules/lab7_soc_mm_interconnect_0_avalon_st_adapter.v,VERILOG,,lab7_soc_mm_interconnect_0_avalon_st_adapter,false
simulation/submodules/lab7_soc_mm_interconnect_0_avalon_st_adapter_error_adapter_0.sv,SYSTEM_VERILOG,,lab7_soc_mm_interconnect_0_avalon_st_adapter_error_adapter_0,false
#
# Map from instance-path to kind of module
instances:
instancePath,module
lab7_soc.jtag_uart_0,lab7_soc_jtag_uart_0
lab7_soc.keycode_0,lab7_soc_keycode_0
lab7_soc.keycode_1,lab7_soc_keycode_0
lab7_soc.keycode_2,lab7_soc_keycode_0
lab7_soc.nios2_gen2_0,lab7_soc_nios2_gen2_0
lab7_soc.nios2_gen2_0.cpu,lab7_soc_nios2_gen2_0_cpu
lab7_soc.onchip_memory2_0,lab7_soc_onchip_memory2_0
lab7_soc.otg_hpi_address,lab7_soc_otg_hpi_address
lab7_soc.otg_hpi_cs,lab7_soc_otg_hpi_cs
lab7_soc.otg_hpi_r,lab7_soc_otg_hpi_cs
lab7_soc.otg_hpi_reset,lab7_soc_otg_hpi_cs
lab7_soc.otg_hpi_w,lab7_soc_otg_hpi_cs
lab7_soc.otg_hpi_data,lab7_soc_otg_hpi_data
lab7_soc.sdram,lab7_soc_sdram
lab7_soc.sdram_pll,lab7_soc_sdram_pll
lab7_soc.sysid_qsys_0,lab7_soc_sysid_qsys_0
lab7_soc.mm_interconnect_0,lab7_soc_mm_interconnect_0
lab7_soc.mm_interconnect_0.nios2_gen2_0_data_master_translator,altera_merlin_master_translator
lab7_soc.mm_interconnect_0.nios2_gen2_0_instruction_master_translator,altera_merlin_master_translator
lab7_soc.mm_interconnect_0.jtag_uart_0_avalon_jtag_slave_translator,altera_merlin_slave_translator
lab7_soc.mm_interconnect_0.sysid_qsys_0_control_slave_translator,altera_merlin_slave_translator
lab7_soc.mm_interconnect_0.nios2_gen2_0_debug_mem_slave_translator,altera_merlin_slave_translator
lab7_soc.mm_interconnect_0.sdram_pll_pll_slave_translator,altera_merlin_slave_translator
lab7_soc.mm_interconnect_0.onchip_memory2_0_s1_translator,altera_merlin_slave_translator
lab7_soc.mm_interconnect_0.sdram_s1_translator,altera_merlin_slave_translator
lab7_soc.mm_interconnect_0.keycode_2_s1_translator,altera_merlin_slave_translator
lab7_soc.mm_interconnect_0.otg_hpi_address_s1_translator,altera_merlin_slave_translator
lab7_soc.mm_interconnect_0.otg_hpi_data_s1_translator,altera_merlin_slave_translator
lab7_soc.mm_interconnect_0.otg_hpi_r_s1_translator,altera_merlin_slave_translator
lab7_soc.mm_interconnect_0.otg_hpi_w_s1_translator,altera_merlin_slave_translator
lab7_soc.mm_interconnect_0.otg_hpi_cs_s1_translator,altera_merlin_slave_translator
lab7_soc.mm_interconnect_0.otg_hpi_reset_s1_translator,altera_merlin_slave_translator
lab7_soc.mm_interconnect_0.keycode_0_s1_translator,altera_merlin_slave_translator
lab7_soc.mm_interconnect_0.keycode_1_s1_translator,altera_merlin_slave_translator
lab7_soc.mm_interconnect_0.nios2_gen2_0_data_master_agent,altera_merlin_master_agent
lab7_soc.mm_interconnect_0.nios2_gen2_0_instruction_master_agent,altera_merlin_master_agent
lab7_soc.mm_interconnect_0.jtag_uart_0_avalon_jtag_slave_agent,altera_merlin_slave_agent
lab7_soc.mm_interconnect_0.sysid_qsys_0_control_slave_agent,altera_merlin_slave_agent
lab7_soc.mm_interconnect_0.nios2_gen2_0_debug_mem_slave_agent,altera_merlin_slave_agent
lab7_soc.mm_interconnect_0.sdram_pll_pll_slave_agent,altera_merlin_slave_agent
lab7_soc.mm_interconnect_0.onchip_memory2_0_s1_agent,altera_merlin_slave_agent
lab7_soc.mm_interconnect_0.sdram_s1_agent,altera_merlin_slave_agent
lab7_soc.mm_interconnect_0.keycode_2_s1_agent,altera_merlin_slave_agent
lab7_soc.mm_interconnect_0.otg_hpi_address_s1_agent,altera_merlin_slave_agent
lab7_soc.mm_interconnect_0.otg_hpi_data_s1_agent,altera_merlin_slave_agent
lab7_soc.mm_interconnect_0.otg_hpi_r_s1_agent,altera_merlin_slave_agent
lab7_soc.mm_interconnect_0.otg_hpi_w_s1_agent,altera_merlin_slave_agent
lab7_soc.mm_interconnect_0.otg_hpi_cs_s1_agent,altera_merlin_slave_agent
lab7_soc.mm_interconnect_0.otg_hpi_reset_s1_agent,altera_merlin_slave_agent
lab7_soc.mm_interconnect_0.keycode_0_s1_agent,altera_merlin_slave_agent
lab7_soc.mm_interconnect_0.keycode_1_s1_agent,altera_merlin_slave_agent
lab7_soc.mm_interconnect_0.jtag_uart_0_avalon_jtag_slave_agent_rsp_fifo,altera_avalon_sc_fifo
lab7_soc.mm_interconnect_0.sysid_qsys_0_control_slave_agent_rsp_fifo,altera_avalon_sc_fifo
lab7_soc.mm_interconnect_0.nios2_gen2_0_debug_mem_slave_agent_rsp_fifo,altera_avalon_sc_fifo
lab7_soc.mm_interconnect_0.sdram_pll_pll_slave_agent_rsp_fifo,altera_avalon_sc_fifo
lab7_soc.mm_interconnect_0.onchip_memory2_0_s1_agent_rsp_fifo,altera_avalon_sc_fifo
lab7_soc.mm_interconnect_0.sdram_s1_agent_rsp_fifo,altera_avalon_sc_fifo
lab7_soc.mm_interconnect_0.sdram_s1_agent_rdata_fifo,altera_avalon_sc_fifo
lab7_soc.mm_interconnect_0.keycode_2_s1_agent_rsp_fifo,altera_avalon_sc_fifo
lab7_soc.mm_interconnect_0.otg_hpi_address_s1_agent_rsp_fifo,altera_avalon_sc_fifo
lab7_soc.mm_interconnect_0.otg_hpi_data_s1_agent_rsp_fifo,altera_avalon_sc_fifo
lab7_soc.mm_interconnect_0.otg_hpi_r_s1_agent_rsp_fifo,altera_avalon_sc_fifo
lab7_soc.mm_interconnect_0.otg_hpi_w_s1_agent_rsp_fifo,altera_avalon_sc_fifo
lab7_soc.mm_interconnect_0.otg_hpi_cs_s1_agent_rsp_fifo,altera_avalon_sc_fifo
lab7_soc.mm_interconnect_0.otg_hpi_reset_s1_agent_rsp_fifo,altera_avalon_sc_fifo
lab7_soc.mm_interconnect_0.keycode_0_s1_agent_rsp_fifo,altera_avalon_sc_fifo
lab7_soc.mm_interconnect_0.keycode_1_s1_agent_rsp_fifo,altera_avalon_sc_fifo
lab7_soc.mm_interconnect_0.router,lab7_soc_mm_interconnect_0_router
lab7_soc.mm_interconnect_0.router_001,lab7_soc_mm_interconnect_0_router_001
lab7_soc.mm_interconnect_0.router_002,lab7_soc_mm_interconnect_0_router_002
lab7_soc.mm_interconnect_0.router_008,lab7_soc_mm_interconnect_0_router_002
lab7_soc.mm_interconnect_0.router_009,lab7_soc_mm_interconnect_0_router_002
lab7_soc.mm_interconnect_0.router_010,lab7_soc_mm_interconnect_0_router_002
lab7_soc.mm_interconnect_0.router_011,lab7_soc_mm_interconnect_0_router_002
lab7_soc.mm_interconnect_0.router_012,lab7_soc_mm_interconnect_0_router_002
lab7_soc.mm_interconnect_0.router_013,lab7_soc_mm_interconnect_0_router_002
lab7_soc.mm_interconnect_0.router_014,lab7_soc_mm_interconnect_0_router_002
lab7_soc.mm_interconnect_0.router_015,lab7_soc_mm_interconnect_0_router_002
lab7_soc.mm_interconnect_0.router_016,lab7_soc_mm_interconnect_0_router_002
lab7_soc.mm_interconnect_0.router_003,lab7_soc_mm_interconnect_0_router_003
lab7_soc.mm_interconnect_0.router_004,lab7_soc_mm_interconnect_0_router_003
lab7_soc.mm_interconnect_0.router_005,lab7_soc_mm_interconnect_0_router_003
lab7_soc.mm_interconnect_0.router_006,lab7_soc_mm_interconnect_0_router_003
lab7_soc.mm_interconnect_0.router_007,lab7_soc_mm_interconnect_0_router_003
lab7_soc.mm_interconnect_0.cmd_demux,lab7_soc_mm_interconnect_0_cmd_demux
lab7_soc.mm_interconnect_0.cmd_demux_001,lab7_soc_mm_interconnect_0_cmd_demux_001
lab7_soc.mm_interconnect_0.cmd_mux,lab7_soc_mm_interconnect_0_cmd_mux
lab7_soc.mm_interconnect_0.cmd_mux_006,lab7_soc_mm_interconnect_0_cmd_mux
lab7_soc.mm_interconnect_0.cmd_mux_007,lab7_soc_mm_interconnect_0_cmd_mux
lab7_soc.mm_interconnect_0.cmd_mux_008,lab7_soc_mm_interconnect_0_cmd_mux
lab7_soc.mm_interconnect_0.cmd_mux_009,lab7_soc_mm_interconnect_0_cmd_mux
lab7_soc.mm_interconnect_0.cmd_mux_010,lab7_soc_mm_interconnect_0_cmd_mux
lab7_soc.mm_interconnect_0.cmd_mux_011,lab7_soc_mm_interconnect_0_cmd_mux
lab7_soc.mm_interconnect_0.cmd_mux_012,lab7_soc_mm_interconnect_0_cmd_mux
lab7_soc.mm_interconnect_0.cmd_mux_013,lab7_soc_mm_interconnect_0_cmd_mux
lab7_soc.mm_interconnect_0.cmd_mux_014,lab7_soc_mm_interconnect_0_cmd_mux
lab7_soc.mm_interconnect_0.cmd_mux_001,lab7_soc_mm_interconnect_0_cmd_mux_001
lab7_soc.mm_interconnect_0.cmd_mux_002,lab7_soc_mm_interconnect_0_cmd_mux_001
lab7_soc.mm_interconnect_0.cmd_mux_003,lab7_soc_mm_interconnect_0_cmd_mux_001
lab7_soc.mm_interconnect_0.cmd_mux_004,lab7_soc_mm_interconnect_0_cmd_mux_001
lab7_soc.mm_interconnect_0.cmd_mux_005,lab7_soc_mm_interconnect_0_cmd_mux_001
lab7_soc.mm_interconnect_0.rsp_demux,lab7_soc_mm_interconnect_0_rsp_demux
lab7_soc.mm_interconnect_0.rsp_demux_006,lab7_soc_mm_interconnect_0_rsp_demux
lab7_soc.mm_interconnect_0.rsp_demux_007,lab7_soc_mm_interconnect_0_rsp_demux
lab7_soc.mm_interconnect_0.rsp_demux_008,lab7_soc_mm_interconnect_0_rsp_demux
lab7_soc.mm_interconnect_0.rsp_demux_009,lab7_soc_mm_interconnect_0_rsp_demux
lab7_soc.mm_interconnect_0.rsp_demux_010,lab7_soc_mm_interconnect_0_rsp_demux
lab7_soc.mm_interconnect_0.rsp_demux_011,lab7_soc_mm_interconnect_0_rsp_demux
lab7_soc.mm_interconnect_0.rsp_demux_012,lab7_soc_mm_interconnect_0_rsp_demux
lab7_soc.mm_interconnect_0.rsp_demux_013,lab7_soc_mm_interconnect_0_rsp_demux
lab7_soc.mm_interconnect_0.rsp_demux_014,lab7_soc_mm_interconnect_0_rsp_demux
lab7_soc.mm_interconnect_0.rsp_demux_001,lab7_soc_mm_interconnect_0_rsp_demux_001
lab7_soc.mm_interconnect_0.rsp_demux_002,lab7_soc_mm_interconnect_0_rsp_demux_001
lab7_soc.mm_interconnect_0.rsp_demux_003,lab7_soc_mm_interconnect_0_rsp_demux_001
lab7_soc.mm_interconnect_0.rsp_demux_004,lab7_soc_mm_interconnect_0_rsp_demux_001
lab7_soc.mm_interconnect_0.rsp_demux_005,lab7_soc_mm_interconnect_0_rsp_demux_001
lab7_soc.mm_interconnect_0.rsp_mux,lab7_soc_mm_interconnect_0_rsp_mux
lab7_soc.mm_interconnect_0.rsp_mux_001,lab7_soc_mm_interconnect_0_rsp_mux_001
lab7_soc.mm_interconnect_0.crosser,altera_avalon_st_handshake_clock_crosser
lab7_soc.mm_interconnect_0.crosser_001,altera_avalon_st_handshake_clock_crosser
lab7_soc.mm_interconnect_0.crosser_002,altera_avalon_st_handshake_clock_crosser
lab7_soc.mm_interconnect_0.crosser_003,altera_avalon_st_handshake_clock_crosser
lab7_soc.mm_interconnect_0.avalon_st_adapter,lab7_soc_mm_interconnect_0_avalon_st_adapter
lab7_soc.mm_interconnect_0.avalon_st_adapter.error_adapter_0,lab7_soc_mm_interconnect_0_avalon_st_adapter_error_adapter_0
lab7_soc.mm_interconnect_0.avalon_st_adapter_001,lab7_soc_mm_interconnect_0_avalon_st_adapter
lab7_soc.mm_interconnect_0.avalon_st_adapter_001.error_adapter_0,lab7_soc_mm_interconnect_0_avalon_st_adapter_error_adapter_0
lab7_soc.mm_interconnect_0.avalon_st_adapter_002,lab7_soc_mm_interconnect_0_avalon_st_adapter
lab7_soc.mm_interconnect_0.avalon_st_adapter_002.error_adapter_0,lab7_soc_mm_interconnect_0_avalon_st_adapter_error_adapter_0
lab7_soc.mm_interconnect_0.avalon_st_adapter_003,lab7_soc_mm_interconnect_0_avalon_st_adapter
lab7_soc.mm_interconnect_0.avalon_st_adapter_003.error_adapter_0,lab7_soc_mm_interconnect_0_avalon_st_adapter_error_adapter_0
lab7_soc.mm_interconnect_0.avalon_st_adapter_004,lab7_soc_mm_interconnect_0_avalon_st_adapter
lab7_soc.mm_interconnect_0.avalon_st_adapter_004.error_adapter_0,lab7_soc_mm_interconnect_0_avalon_st_adapter_error_adapter_0
lab7_soc.mm_interconnect_0.avalon_st_adapter_005,lab7_soc_mm_interconnect_0_avalon_st_adapter
lab7_soc.mm_interconnect_0.avalon_st_adapter_005.error_adapter_0,lab7_soc_mm_interconnect_0_avalon_st_adapter_error_adapter_0
lab7_soc.mm_interconnect_0.avalon_st_adapter_006,lab7_soc_mm_interconnect_0_avalon_st_adapter
lab7_soc.mm_interconnect_0.avalon_st_adapter_006.error_adapter_0,lab7_soc_mm_interconnect_0_avalon_st_adapter_error_adapter_0
lab7_soc.mm_interconnect_0.avalon_st_adapter_007,lab7_soc_mm_interconnect_0_avalon_st_adapter
lab7_soc.mm_interconnect_0.avalon_st_adapter_007.error_adapter_0,lab7_soc_mm_interconnect_0_avalon_st_adapter_error_adapter_0
lab7_soc.mm_interconnect_0.avalon_st_adapter_008,lab7_soc_mm_interconnect_0_avalon_st_adapter
lab7_soc.mm_interconnect_0.avalon_st_adapter_008.error_adapter_0,lab7_soc_mm_interconnect_0_avalon_st_adapter_error_adapter_0
lab7_soc.mm_interconnect_0.avalon_st_adapter_009,lab7_soc_mm_interconnect_0_avalon_st_adapter
lab7_soc.mm_interconnect_0.avalon_st_adapter_009.error_adapter_0,lab7_soc_mm_interconnect_0_avalon_st_adapter_error_adapter_0
lab7_soc.mm_interconnect_0.avalon_st_adapter_010,lab7_soc_mm_interconnect_0_avalon_st_adapter
lab7_soc.mm_interconnect_0.avalon_st_adapter_010.error_adapter_0,lab7_soc_mm_interconnect_0_avalon_st_adapter_error_adapter_0
lab7_soc.mm_interconnect_0.avalon_st_adapter_011,lab7_soc_mm_interconnect_0_avalon_st_adapter
lab7_soc.mm_interconnect_0.avalon_st_adapter_011.error_adapter_0,lab7_soc_mm_interconnect_0_avalon_st_adapter_error_adapter_0
lab7_soc.mm_interconnect_0.avalon_st_adapter_012,lab7_soc_mm_interconnect_0_avalon_st_adapter
lab7_soc.mm_interconnect_0.avalon_st_adapter_012.error_adapter_0,lab7_soc_mm_interconnect_0_avalon_st_adapter_error_adapter_0
lab7_soc.mm_interconnect_0.avalon_st_adapter_013,lab7_soc_mm_interconnect_0_avalon_st_adapter
lab7_soc.mm_interconnect_0.avalon_st_adapter_013.error_adapter_0,lab7_soc_mm_interconnect_0_avalon_st_adapter_error_adapter_0
lab7_soc.mm_interconnect_0.avalon_st_adapter_014,lab7_soc_mm_interconnect_0_avalon_st_adapter
lab7_soc.mm_interconnect_0.avalon_st_adapter_014.error_adapter_0,lab7_soc_mm_interconnect_0_avalon_st_adapter_error_adapter_0
lab7_soc.irq_mapper,lab7_soc_irq_mapper
lab7_soc.rst_controller,altera_reset_controller
lab7_soc.rst_controller_001,altera_reset_controller
lab7_soc.rst_controller_002,altera_reset_controller
